Age,Attrition,Department,Education,Gender,TotalWorkingYears,MonthlyIncome,Education Level,Annual Salary
41,Yes,Sales,2,Female,8,5993,High School,71916
49,No,Research & Development,1,Male,10,5130,Below College,61560
37,Yes,Research & Development,2,Male,7,2090,High School,25080
33,No,Research & Development,4,Female,8,2909,Master,34908
27,No,Research & Development,1,Male,6,3468,Below College,41616
32,No,Research & Development,2,Male,8,3068,High School,36816
59,No,Research & Development,3,Female,12,2670,Bachelor,32040
30,No,Research & Development,1,Male,1,2693,Below College,32316
38,No,Research & Development,3,Male,10,9526,Bachelor,114312
36,No,Research & Development,3,Male,17,5237,Bachelor,62844
35,No,Research & Development,3,Male,6,2426,Bachelor,29112
29,No,Research & Development,2,Female,10,4193,High School,50316
31,No,Research & Development,1,Male,5,2911,Below College,34932
34,No,Research & Development,2,Male,3,2661,High School,31932
28,Yes,Research & Development,3,Male,6,2028,Bachelor,24336
29,No,Research & Development,4,Female,10,9980,Master,119760
32,No,Research & Development,2,Male,7,3298,High School,39576
22,No,Research & Development,2,Male,1,2935,High School,35220
53,No,Sales,4,Female,31,15427,Master,185124
38,No,Research & Development,3,Male,6,3944,Bachelor,47328
24,No,Research & Development,2,Female,5,4011,High School,48132
36,Yes,Sales,4,Male,10,3407,Master,40884
34,No,Research & Development,4,Female,13,11994,Master,143928
21,No,Research & Development,2,Male,0,1232,High School,14784
34,Yes,Research & Development,1,Male,8,2960,Below College,35520
53,No,Research & Development,3,Female,26,19094,Bachelor,229128
32,Yes,Research & Development,1,Female,10,3919,Below College,47028
42,No,Sales,4,Male,10,6825,Master,81900
44,No,Research & Development,4,Female,24,10248,Master,122976
46,No,Sales,4,Female,22,18947,Master,227364
33,No,Research & Development,3,Male,7,2496,Bachelor,29952
44,No,Research & Development,4,Male,9,6465,Master,77580
30,No,Research & Development,2,Male,10,2206,High School,26472
39,Yes,Sales,3,Male,19,2086,Bachelor,25032
24,Yes,Research & Development,3,Male,6,2293,Bachelor,27516
43,No,Research & Development,2,Female,6,2645,High School,31740
50,Yes,Sales,2,Male,3,2683,High School,32196
35,No,Sales,3,Female,2,2014,Bachelor,24168
36,No,Research & Development,4,Female,6,3419,Master,41028
33,No,Sales,3,Female,10,5376,Bachelor,64512
35,No,Research & Development,2,Male,1,1951,High School,23412
27,No,Research & Development,4,Female,1,2341,Master,28092
26,Yes,Research & Development,3,Male,1,2293,Bachelor,27516
27,No,Sales,3,Male,9,8726,Bachelor,104712
30,No,Research & Development,2,Female,12,4011,High School,48132
41,Yes,Research & Development,3,Female,23,19545,Bachelor,234540
34,No,Sales,4,Male,10,4568,Master,54816
37,No,Research & Development,2,Male,8,3022,High School,36264
46,No,Sales,4,Male,14,5772,Master,69264
35,No,Research & Development,1,Male,1,2269,Below College,27228
48,Yes,Research & Development,2,Male,23,5381,High School,64572
28,Yes,Research & Development,4,Male,2,3441,Master,41292
44,No,Sales,5,Female,9,5454,Doctor,65448
35,No,Research & Development,2,Male,10,9884,High School,118608
26,No,Sales,3,Female,5,4157,Bachelor,49884
33,No,Research & Development,2,Female,15,13458,High School,161496
35,No,Sales,5,Male,9,9069,Doctor,108828
35,No,Research & Development,4,Female,4,4014,Master,48168
31,No,Research & Development,4,Male,10,5915,Master,70980
37,No,Research & Development,4,Male,7,5993,Master,71916
32,No,Research & Development,3,Male,9,6162,Bachelor,73944
38,No,Research & Development,5,Female,10,2406,Doctor,28872
50,No,Research & Development,2,Female,29,18740,High School,224880
59,No,Sales,3,Female,28,7637,Bachelor,91644
36,No,Research & Development,3,Female,17,10096,Bachelor,121152
55,No,Research & Development,3,Female,21,14756,Bachelor,177072
36,No,Research & Development,3,Male,6,6499,Bachelor,77988
45,No,Research & Development,3,Male,25,9724,Bachelor,116688
35,No,Research & Development,3,Male,5,2194,Bachelor,26328
36,Yes,Research & Development,3,Male,2,3388,Bachelor,40656
59,No,Sales,1,Female,20,5473,Below College,65676
29,No,Research & Development,3,Male,6,2703,Bachelor,32436
31,No,Research & Development,4,Male,1,2501,Master,30012
32,No,Research & Development,3,Male,10,6220,Bachelor,74640
36,No,Research & Development,3,Female,5,3038,Bachelor,36456
31,No,Research & Development,4,Female,11,4424,Master,53088
35,No,Sales,4,Male,16,4312,Master,51744
45,No,Research & Development,4,Male,17,13245,Master,158940
37,No,Research & Development,4,Male,16,13664,Master,163968
46,No,Human Resources,2,Male,16,5021,High School,60252
30,No,Research & Development,1,Male,10,5126,Below College,61512
35,No,Research & Development,3,Male,6,2859,Bachelor,34308
55,No,Sales,2,Male,24,10239,High School,122868
38,No,Research & Development,3,Female,17,5329,Bachelor,63948
34,No,Research & Development,2,Male,5,4325,High School,51900
56,No,Research & Development,3,Male,37,7260,Bachelor,87120
23,No,Sales,1,Male,3,2322,Below College,27864
51,No,Research & Development,4,Male,10,2075,Master,24900
30,No,Research & Development,3,Male,11,4152,Bachelor,49824
46,Yes,Sales,2,Male,9,9619,High School,115428
40,No,Research & Development,4,Male,22,13503,Master,162036
51,No,Sales,4,Male,11,5441,Master,65292
30,No,Sales,2,Female,11,5209,High School,62508
46,No,Research & Development,3,Male,21,10673,Bachelor,128076
32,No,Sales,4,Male,12,5010,Master,60120
54,No,Research & Development,4,Female,16,13549,Master,162588
24,No,Sales,2,Female,4,4999,High School,59988
28,No,Sales,3,Male,5,4221,Bachelor,50652
58,No,Sales,4,Male,38,13872,Master,166464
44,No,Research & Development,3,Male,17,2042,Bachelor,24504
37,Yes,Human Resources,4,Male,7,2073,Master,24876
32,No,Research & Development,1,Male,1,2956,Below College,35472
20,Yes,Research & Development,3,Female,1,2926,Bachelor,35112
34,No,Research & Development,4,Female,16,4809,Master,57708
37,No,Research & Development,2,Male,17,5163,High School,61956
59,No,Human Resources,4,Female,30,18844,Master,226128
50,No,Research & Development,3,Female,28,18172,Bachelor,218064
25,Yes,Sales,3,Male,6,5744,Bachelor,68928
25,No,Research & Development,1,Male,2,2889,Below College,34668
22,No,Research & Development,3,Female,1,2871,Bachelor,34452
51,No,Research & Development,4,Female,23,7484,Master,89808
34,Yes,Research & Development,3,Male,9,6074,Bachelor,72888
54,No,Human Resources,3,Female,23,17328,Bachelor,207936
24,No,Research & Development,1,Male,6,2774,Below College,33288
34,No,Research & Development,4,Female,12,4505,Master,54060
37,No,Sales,3,Male,12,7428,Bachelor,89136
34,No,Research & Development,3,Female,14,11631,Bachelor,139572
36,No,Sales,2,Female,10,9738,High School,116856
36,No,Research & Development,2,Female,7,2835,High School,34020
43,No,Sales,2,Male,25,16959,High School,203508
30,No,Research & Development,3,Male,10,2613,Bachelor,31356
33,No,Sales,2,Male,8,6146,High School,73752
56,Yes,Research & Development,4,Female,7,4963,Master,59556
51,No,Research & Development,3,Male,23,19537,Bachelor,234444
31,Yes,Sales,4,Male,12,6172,Master,74064
26,No,Research & Development,3,Female,5,2368,Bachelor,28416
58,Yes,Research & Development,4,Female,40,10312,Master,123744
19,Yes,Sales,1,Male,0,1675,Below College,20100
22,No,Research & Development,1,Male,3,2523,Below College,30276
49,No,Research & Development,4,Female,16,6567,Master,78804
43,No,Research & Development,3,Female,18,4739,Bachelor,56868
50,No,Sales,3,Female,16,9208,Bachelor,110496
31,Yes,Sales,3,Female,4,4559,Bachelor,54708
41,No,Sales,1,Male,12,8189,Below College,98268
26,No,Human Resources,1,Female,8,2942,Below College,35304
36,No,Research & Development,2,Male,7,4941,High School,59292
51,Yes,Research & Development,4,Male,18,10650,Master,127800
39,No,Sales,4,Female,17,5902,Master,70824
25,No,Sales,3,Male,6,8639,Bachelor,103668
30,No,Human Resources,3,Male,12,6347,Bachelor,76164
32,Yes,Research & Development,3,Female,10,4200,Bachelor,50400
45,No,Research & Development,3,Male,9,3452,Bachelor,41424
38,No,Research & Development,5,Female,19,4317,Doctor,51804
30,No,Research & Development,3,Female,5,2632,Bachelor,31584
32,No,Sales,2,Male,9,4668,High School,56016
30,No,Research & Development,3,Female,8,3204,Bachelor,38448
30,No,Research & Development,1,Male,6,2720,Below College,32640
41,No,Research & Development,3,Male,21,17181,Bachelor,206172
41,No,Research & Development,4,Male,7,2238,Master,26856
19,No,Research & Development,1,Female,1,1483,Below College,17796
40,No,Research & Development,3,Female,20,5605,Bachelor,67260
35,No,Sales,5,Male,10,7295,Doctor,87540
53,No,Sales,2,Male,13,2306,High School,27672
45,No,Research & Development,3,Male,20,2348,Bachelor,28176
32,No,Sales,3,Female,9,8998,Bachelor,107976
29,No,Research & Development,1,Male,10,4319,Below College,51828
51,No,Research & Development,4,Male,10,6132,Master,73584
58,No,Research & Development,3,Female,9,3346,Bachelor,40152
40,No,Sales,4,Male,15,10855,Master,130260
34,No,Sales,4,Female,6,2231,Master,26772
22,No,Research & Development,1,Male,2,2323,Below College,27876
27,No,Research & Development,3,Male,6,2024,Bachelor,24288
28,No,Research & Development,3,Male,5,2713,Bachelor,32556
57,No,Research & Development,2,Male,12,9439,High School,113268
27,No,Research & Development,3,Male,1,2566,Bachelor,30792
50,No,Research & Development,3,Female,21,19926,Bachelor,239112
41,No,Research & Development,3,Male,13,2451,Bachelor,29412
30,No,Sales,3,Female,12,9419,Bachelor,113028
38,No,Sales,4,Female,12,8686,Master,104232
32,No,Research & Development,5,Male,8,3038,Doctor,36456
27,No,Research & Development,3,Male,6,3058,Bachelor,36696
19,Yes,Sales,1,Female,1,2325,Below College,27900
36,No,Research & Development,2,Male,13,2088,High School,25056
30,No,Research & Development,3,Male,12,3072,Bachelor,36864
45,No,Sales,2,Female,9,5006,High School,60072
56,No,Research & Development,3,Female,19,4257,Bachelor,51084
33,No,Research & Development,3,Male,4,2500,Bachelor,30000
19,Yes,Research & Development,3,Male,1,1102,Bachelor,13224
46,No,Sales,2,Female,24,10453,High School,125436
38,No,Research & Development,2,Female,2,2288,High School,27456
31,No,Research & Development,1,Female,7,3929,Below College,47148
34,No,Research & Development,2,Female,9,2311,High School,27732
41,Yes,Sales,2,Female,4,3140,High School,37680
50,No,Research & Development,3,Male,5,3690,Bachelor,44280
53,No,Research & Development,2,Female,5,4450,High School,53400
33,No,Research & Development,3,Female,8,2756,Bachelor,33072
40,No,Research & Development,1,Female,21,19033,Below College,228396
55,No,Research & Development,4,Male,36,18722,Master,224664
34,No,Research & Development,1,Male,10,9547,Below College,114564
51,No,Research & Development,3,Female,21,13734,Bachelor,164808
52,No,Research & Development,4,Male,34,19999,Master,239988
27,No,Research & Development,3,Female,7,2279,Bachelor,27348
35,Yes,Research & Development,2,Male,8,5916,High School,70992
43,No,Research & Development,3,Male,7,2089,Bachelor,25068
45,No,Research & Development,2,Male,22,16792,High School,201504
37,No,Research & Development,3,Male,8,3564,Bachelor,42768
35,No,Research & Development,3,Female,10,4425,Bachelor,53100
42,No,Research & Development,2,Female,11,5265,High School,63180
38,No,Research & Development,4,Male,14,6553,Master,78636
38,No,Research & Development,3,Male,9,6261,Bachelor,75132
27,No,Research & Development,1,Male,6,4298,Below College,51576
49,No,Research & Development,4,Male,7,6804,Master,81648
34,No,Research & Development,4,Male,5,3815,Master,45780
40,No,Research & Development,2,Male,15,2741,High School,32892
38,Yes,Research & Development,1,Male,17,6673,Below College,80076
29,Yes,Sales,3,Female,10,7639,Bachelor,91668
22,No,Research & Development,3,Male,4,2328,Bachelor,27936
36,No,Research & Development,1,Female,8,2153,Below College,25836
40,No,Research & Development,5,Male,5,4876,Doctor,58512
46,No,Research & Development,4,Male,17,9396,Master,112752
32,Yes,Sales,4,Male,14,10400,Master,124800
30,No,Research & Development,1,Male,12,8474,Below College,101688
27,No,Sales,3,Female,7,9981,Bachelor,119772
51,No,Research & Development,4,Male,16,12490,Master,149880
30,Yes,Research & Development,3,Female,8,2657,Bachelor,31884
41,No,Sales,3,Female,16,13591,Bachelor,163092
30,Yes,Sales,4,Female,9,6696,Master,80352
29,Yes,Research & Development,3,Male,7,2058,Bachelor,24696
45,No,Sales,3,Female,23,8865,Bachelor,106380
54,No,Sales,3,Female,16,5940,Bachelor,71280
36,No,Research & Development,2,Male,16,5914,High School,70968
33,No,Research & Development,4,Female,7,2622,Master,31464
37,No,Research & Development,3,Male,10,12185,Bachelor,146220
38,No,Sales,3,Male,17,10609,Bachelor,127308
31,No,Research & Development,4,Male,6,4345,Master,52140
59,No,Research & Development,3,Male,7,2177,Bachelor,26124
37,No,Sales,4,Male,13,2793,Master,33516
29,No,Sales,1,Female,11,7918,Below College,95016
35,No,Sales,3,Female,10,8789,Bachelor,105468
29,Yes,Research & Development,1,Male,4,2389,Below College,28668
52,No,Research & Development,3,Female,6,3212,Bachelor,38544
42,No,Research & Development,2,Male,22,19232,High School,230784
59,No,Human Resources,2,Male,7,2267,High School,27204
50,No,Sales,4,Female,32,19517,Master,234204
33,Yes,Research & Development,3,Male,8,2436,Bachelor,29232
43,No,Sales,3,Female,22,16064,Bachelor,192768
33,Yes,Research & Development,2,Female,13,2707,High School,32484
52,No,Sales,4,Male,33,19068,Master,228816
32,No,Sales,2,Female,6,3931,High School,47172
32,Yes,Research & Development,3,Male,4,3730,Bachelor,44760
39,No,Research & Development,4,Female,7,2232,Master,26784
32,No,Sales,4,Male,4,4465,Master,53580
41,No,Research & Development,2,Male,17,3072,High School,36864
40,No,Research & Development,2,Male,9,3319,High School,39828
45,No,Research & Development,3,Male,25,19202,Bachelor,230424
31,No,Research & Development,4,Male,9,13675,Master,164100
33,No,Research & Development,4,Female,2,2911,Master,34932
34,No,Research & Development,4,Male,13,5957,Master,71484
37,No,Research & Development,2,Female,17,3920,High School,47040
45,No,Research & Development,4,Male,9,6434,Master,77208
37,Yes,Research & Development,3,Male,17,10048,Bachelor,120576
39,No,Research & Development,4,Female,20,10938,Master,131256
29,No,Research & Development,3,Male,6,2340,Bachelor,28080
42,No,Research & Development,2,Female,10,6545,High School,78540
29,No,Sales,2,Male,10,6931,High School,83172
25,No,Research & Development,3,Female,5,4898,Bachelor,58776
42,No,Research & Development,3,Female,10,2593,Bachelor,31116
40,No,Research & Development,2,Male,22,19436,High School,233232
51,No,Research & Development,3,Male,1,2723,Bachelor,32676
31,Yes,Research & Development,2,Male,6,3479,High School,41748
32,No,Research & Development,3,Male,5,2794,Bachelor,33528
38,No,Sales,2,Male,13,5249,High School,62988
32,No,Research & Development,1,Male,9,2176,Below College,26112
46,No,Sales,3,Female,28,16872,Bachelor,202464
28,Yes,Research & Development,4,Male,5,3485,Master,41820
29,No,Sales,3,Male,10,6644,Bachelor,79728
31,No,Research & Development,3,Male,10,5582,Bachelor,66984
25,No,Research & Development,2,Male,6,4000,High School,48000
45,No,Research & Development,2,Male,21,13496,High School,161952
36,No,Research & Development,3,Male,16,3210,Bachelor,38520
55,No,Research & Development,3,Male,37,19045,Bachelor,228540
47,Yes,Research & Development,4,Male,10,11849,Master,142188
28,No,Research & Development,3,Male,5,2070,Bachelor,24840
37,No,Sales,4,Male,7,6502,Master,78024
21,No,Research & Development,2,Male,3,3230,High School,38760
37,No,Research & Development,4,Female,15,13603,Master,163236
35,No,Research & Development,3,Female,10,11996,Bachelor,143952
38,No,Sales,2,Female,8,5605,High School,67260
26,No,Research & Development,3,Female,6,6397,Bachelor,76764
50,No,Research & Development,1,Male,28,19144,Below College,229728
53,No,Research & Development,4,Male,21,17584,Master,211008
42,No,Sales,1,Male,20,4907,Below College,58884
29,No,Sales,2,Male,10,4554,High School,54648
55,No,Research & Development,2,Male,12,5415,High School,64980
26,No,Research & Development,2,Male,5,4741,High School,56892
37,No,Research & Development,3,Female,17,2115,Bachelor,25380
44,Yes,Research & Development,3,Male,19,3161,Bachelor,37932
38,No,Research & Development,4,Male,10,5745,Master,68940
26,Yes,Research & Development,4,Male,5,2373,Master,28476
28,No,Research & Development,2,Female,5,3310,High School,39720
49,No,Research & Development,4,Female,22,18665,Master,223980
36,No,Research & Development,3,Male,10,4485,Bachelor,53820
31,No,Sales,3,Female,2,2789,Bachelor,33468
26,Yes,Sales,4,Male,8,5828,Master,69936
37,No,Research & Development,3,Male,4,2326,Bachelor,27912
42,No,Sales,3,Female,23,13525,Bachelor,162300
18,Yes,Research & Development,3,Male,0,1420,Bachelor,17040
35,No,Sales,3,Male,12,8020,Bachelor,96240
36,No,Research & Development,4,Male,4,3688,Master,44256
51,No,Research & Development,3,Male,13,5482,Bachelor,65784
41,No,Sales,4,Male,22,16015,Master,192180
18,No,Sales,3,Female,0,1200,Bachelor,14400
28,No,Research & Development,2,Male,9,5661,High School,67932
31,No,Sales,3,Male,10,6929,Bachelor,83148
39,No,Research & Development,3,Male,19,9613,Bachelor,115356
36,No,Research & Development,4,Female,11,5674,Master,68088
32,No,Sales,3,Male,13,5484,Bachelor,65808
38,No,Research & Development,2,Female,19,12061,High School,144732
58,No,Research & Development,4,Male,12,5660,Master,67920
31,No,Research & Development,4,Male,6,4821,Master,57852
31,No,Human Resources,3,Male,9,6410,Bachelor,76920
45,No,Research & Development,3,Male,24,5210,Bachelor,62520
31,No,Research & Development,4,Male,3,2695,Master,32340
33,No,Research & Development,4,Female,12,11878,Master,142536
39,No,Research & Development,1,Male,21,17068,Below College,204816
43,No,Research & Development,4,Female,9,2455,Master,29460
49,No,Research & Development,2,Female,25,13964,High School,167568
52,Yes,Research & Development,4,Male,11,4941,Master,59292
27,No,Research & Development,3,Female,4,2478,Bachelor,29736
32,No,Sales,2,Female,13,5228,High School,62736
27,No,Sales,3,Male,5,4478,Bachelor,53736
31,No,Sales,3,Male,13,7547,Bachelor,90564
32,No,Research & Development,4,Female,10,5055,Master,60660
28,Yes,Research & Development,4,Male,5,3464,Master,41568
30,No,Research & Development,2,Female,11,5775,High School,69300
31,No,Research & Development,2,Female,10,8943,High School,107316
39,No,Research & Development,2,Male,21,19272,High School,231264
39,Yes,Sales,2,Female,12,5238,High School,62856
33,No,Sales,3,Male,9,4682,Bachelor,56184
47,No,Research & Development,5,Male,21,18300,Doctor,219600
43,No,Research & Development,4,Female,9,5257,Master,63084
27,No,Sales,1,Male,6,6349,Below College,76188
54,No,Research & Development,4,Female,20,4869,Master,58428
43,No,Research & Development,3,Female,10,9985,Bachelor,119820
45,No,Research & Development,4,Male,12,3697,Master,44364
40,No,Sales,2,Male,6,7457,High School,89484
29,Yes,Research & Development,4,Male,7,2119,Master,25428
29,No,Research & Development,5,Male,4,3983,Doctor,47796
30,No,Sales,3,Female,10,6118,Bachelor,73416
27,No,Sales,4,Female,8,6214,Master,74568
37,No,Research & Development,2,Male,8,6347,High School,76164
38,No,Research & Development,2,Male,12,11510,High School,138120
31,No,Research & Development,4,Female,11,7143,Master,85716
29,No,Sales,1,Female,7,8268,Below College,99216
35,No,Research & Development,4,Male,17,8095,Master,97140
23,No,Research & Development,1,Male,4,2904,Below College,34848
41,No,Research & Development,3,Male,8,6032,Bachelor,72384
47,No,Sales,1,Male,5,2976,Below College,35712
42,No,Research & Development,5,Female,16,15992,Doctor,191904
29,No,Sales,3,Male,4,4649,Bachelor,55788
42,No,Human Resources,1,Male,4,2696,Below College,32352
32,No,Research & Development,3,Female,8,2370,Bachelor,28440
48,No,Sales,1,Female,15,12504,Below College,150048
37,No,Research & Development,3,Male,13,5974,Bachelor,71688
30,No,Sales,2,Female,4,4736,High School,56832
26,No,Sales,3,Male,8,5296,Bachelor,63552
42,No,Research & Development,4,Male,14,6781,Master,81372
21,Yes,Sales,1,Female,3,2174,Below College,26088
36,No,Sales,5,Female,7,6653,Doctor,79836
36,No,Sales,4,Male,16,9699,Master,116388
57,No,Research & Development,4,Male,15,6755,Master,81060
40,No,Research & Development,4,Female,10,2213,Master,26556
21,No,Sales,2,Male,3,2610,High School,31320
33,Yes,Sales,3,Female,1,2851,Bachelor,34212
37,No,Research & Development,3,Female,17,3452,Bachelor,41424
46,No,Research & Development,4,Female,7,5258,Master,63096
41,Yes,Sales,3,Male,8,9355,Bachelor,112260
50,No,Research & Development,3,Male,20,10496,Bachelor,125952
40,Yes,Sales,2,Male,8,6380,High School,76560
31,No,Research & Development,4,Male,3,2657,Master,31884
21,Yes,Sales,3,Female,1,2716,Bachelor,32592
29,No,Research & Development,3,Male,6,2201,Bachelor,26412
35,No,Research & Development,4,Male,10,6540,Master,78480
27,No,Research & Development,2,Male,5,3816,High School,45792
28,No,Sales,4,Male,7,5253,Master,63036
49,No,Research & Development,3,Male,26,10965,Bachelor,131580
51,No,Sales,2,Female,18,4936,High School,59232
36,No,Research & Development,3,Female,6,2543,Bachelor,30516
34,Yes,Sales,3,Male,9,5304,Bachelor,63648
55,No,Research & Development,3,Female,30,16659,Bachelor,199908
24,No,Sales,4,Female,5,4260,Master,51120
30,No,Sales,1,Male,1,2476,Below College,29712
26,Yes,Research & Development,1,Male,7,3102,Below College,37224
22,No,Research & Development,3,Female,2,2244,Bachelor,26928
36,No,Sales,2,Male,10,7596,High School,91152
30,Yes,Research & Development,3,Male,3,2285,Bachelor,27420
37,No,Research & Development,3,Female,18,3034,Bachelor,36408
40,No,Sales,2,Female,8,5715,High School,68580
42,No,Research & Development,4,Female,8,2576,Master,30912
37,No,Research & Development,4,Male,18,4197,Master,50364
43,No,Research & Development,3,Male,25,14336,Bachelor,172032
40,No,Research & Development,3,Female,20,3448,Bachelor,41376
54,No,Research & Development,2,Male,24,19406,High School,232872
34,No,Sales,4,Female,6,6538,Master,78456
31,No,Research & Development,2,Female,13,4306,High School,51672
43,No,Research & Development,3,Male,8,2258,Bachelor,27096
43,No,Research & Development,4,Female,8,4522,Master,54264
25,No,Sales,2,Female,5,4487,High School,53844
37,No,Research & Development,5,Female,15,4449,Doctor,53388
31,No,Research & Development,2,Male,4,2218,High School,26616
39,No,Research & Development,1,Male,21,19197,Below College,230364
56,No,Sales,3,Female,36,13212,Bachelor,158544
30,No,Sales,3,Female,6,6577,Bachelor,78924
41,No,Sales,3,Male,10,8392,Bachelor,100704
28,No,Research & Development,2,Male,10,4558,High School,54696
25,Yes,Research & Development,3,Male,6,4031,Bachelor,48372
52,No,Research & Development,3,Male,28,7969,Bachelor,95628
45,No,Research & Development,2,Male,8,2654,High School,31848
52,No,Research & Development,2,Female,31,16555,High School,198660
42,No,Research & Development,2,Female,19,4556,High School,54672
30,No,Research & Development,3,Female,11,6091,Bachelor,73092
60,No,Research & Development,3,Female,33,19566,Bachelor,234792
46,No,Research & Development,3,Female,19,4810,Bachelor,57720
42,No,Research & Development,4,Female,7,4523,Master,54276
24,Yes,Sales,1,Female,6,3202,Below College,38424
34,Yes,Sales,2,Female,3,2351,High School,28212
38,No,Research & Development,2,Male,1,1702,High School,20424
40,No,Sales,4,Female,21,18041,Master,216492
26,No,Research & Development,3,Female,3,2886,Bachelor,34632
30,No,Research & Development,3,Male,9,2097,Bachelor,25164
29,No,Research & Development,4,Male,10,11935,Master,143220
29,Yes,Research & Development,5,Female,6,2546,Doctor,30552
19,Yes,Human Resources,2,Male,1,2564,High School,30768
30,No,Sales,4,Female,10,8412,Master,100944
57,No,Sales,3,Male,32,14118,Bachelor,169416
50,No,Research & Development,4,Male,28,17046,Master,204552
30,No,Research & Development,3,Female,12,2564,Bachelor,30768
60,No,Sales,3,Female,22,10266,Bachelor,123192
47,No,Research & Development,2,Female,20,5070,High School,60840
46,No,Research & Development,3,Male,26,17861,Bachelor,214332
35,No,Research & Development,3,Male,6,4230,Bachelor,50760
54,No,Research & Development,4,Female,19,3780,Master,45360
34,No,Research & Development,4,Male,14,2768,Master,33216
46,No,Sales,3,Female,15,9071,Bachelor,108852
31,No,Research & Development,1,Male,13,10648,Below College,127776
33,Yes,Research & Development,1,Male,15,13610,Below College,163320
33,Yes,Research & Development,1,Male,8,3408,Below College,40896
30,No,Sales,1,Male,4,2983,Below College,35796
35,No,Research & Development,3,Male,10,7632,Bachelor,91584
31,Yes,Research & Development,3,Male,12,9824,Bachelor,117888
34,Yes,Human Resources,3,Female,11,9950,Bachelor,119400
42,No,Research & Development,2,Male,8,2093,High School,25116
36,No,Sales,4,Male,10,9980,Master,119760
22,Yes,Research & Development,1,Male,4,3894,Below College,46728
48,No,Sales,5,Female,14,4051,Doctor,48612
55,No,Sales,5,Female,37,16835,Doctor,202020
41,No,Sales,2,Male,16,6230,High School,74760
35,No,Sales,3,Male,15,4717,Bachelor,56604
40,No,Research & Development,3,Female,22,13237,Bachelor,158844
39,No,Research & Development,1,Female,8,3755,Below College,45060
31,No,Sales,1,Male,10,6582,Below College,78984
42,No,Research & Development,3,Male,10,7406,Bachelor,88872
45,No,Sales,3,Male,9,4805,Bachelor,57660
26,Yes,Human Resources,4,Female,8,2741,Master,32892
29,No,Research & Development,3,Male,8,4262,Bachelor,51144
33,No,Research & Development,5,Female,10,16184,Doctor,194208
31,No,Sales,3,Male,10,11557,Bachelor,138684
18,Yes,Sales,3,Male,0,1878,Bachelor,22536
40,No,Sales,3,Male,20,10932,Bachelor,131184
41,No,Research & Development,4,Female,10,6811,Master,81732
26,No,Sales,2,Male,8,4306,High School,51672
35,No,Sales,3,Female,5,4859,Bachelor,58308
34,No,Sales,4,Male,10,5337,Master,64044
26,Yes,Research & Development,3,Male,1,2340,Bachelor,28080
37,No,Research & Development,3,Female,12,7491,Bachelor,89892
46,No,Research & Development,1,Female,28,10527,Below College,126324
41,No,Sales,5,Female,22,16595,Doctor,199140
37,No,Sales,4,Male,9,8834,Master,106008
52,No,Research & Development,2,Male,18,5577,High School,66924
32,Yes,Sales,4,Male,6,4707,Master,56484
24,No,Sales,3,Male,3,2400,Bachelor,28800
38,No,Research & Development,3,Female,18,9824,Bachelor,117888
37,No,Research & Development,4,Female,8,6447,Master,77364
49,No,Research & Development,4,Male,31,19502,Master,234024
24,No,Research & Development,3,Male,6,2725,Bachelor,32700
26,No,Sales,2,Male,6,6272,High School,75264
24,No,Research & Development,2,Male,1,2127,High School,25524
50,No,Human Resources,3,Male,32,18200,Bachelor,218400
25,No,Sales,1,Male,7,2096,Below College,25152
24,Yes,Research & Development,3,Female,6,2886,Bachelor,34632
30,Yes,Sales,4,Male,1,2033,Master,24396
34,No,Research & Development,2,Male,6,3622,High School,43464
31,Yes,Sales,4,Male,9,4233,Master,50796
35,No,Research & Development,2,Male,9,3681,High School,44172
31,No,Sales,4,Male,13,5460,Master,65520
27,No,Research & Development,4,Female,6,2187,Master,26244
37,No,Sales,3,Male,17,9602,Bachelor,115224
20,No,Research & Development,3,Female,1,2836,Bachelor,34032
42,No,Research & Development,4,Female,10,4089,Master,49068
43,No,Research & Development,4,Male,21,16627,Master,199524
38,No,Research & Development,1,Female,8,2619,Below College,31428
43,No,Research & Development,5,Male,10,5679,Doctor,68148
48,No,Research & Development,4,Female,21,15402,Master,184824
44,No,Human Resources,4,Female,10,5985,Master,71820
34,No,Sales,3,Female,8,2579,Bachelor,30948
27,Yes,Sales,1,Male,5,3041,Below College,36492
21,No,Sales,1,Male,3,3447,Below College,41364
44,No,Research & Development,4,Male,26,19513,Master,234156
22,No,Research & Development,1,Male,3,2773,Below College,33276
33,No,Sales,4,Male,6,7104,Master,85248
32,No,Research & Development,4,Female,6,6322,Master,75864
30,No,Research & Development,3,Female,1,2083,Bachelor,24996
53,No,Sales,1,Female,18,8381,Below College,100572
34,No,Research & Development,5,Male,10,2691,Doctor,32292
45,Yes,Sales,4,Female,5,4286,Master,51432
26,No,Research & Development,3,Female,3,2659,Bachelor,31908
37,No,Research & Development,3,Male,10,9434,Bachelor,113208
29,No,Sales,2,Female,6,5561,High School,66732
35,No,Research & Development,4,Male,17,6646,Master,79752
33,No,Research & Development,3,Male,15,7725,Bachelor,92700
54,No,Human Resources,4,Male,16,10725,Master,128700
36,No,Research & Development,2,Male,13,8847,High School,106164
27,No,Research & Development,4,Male,5,2045,Master,24540
20,Yes,Research & Development,1,Male,1,1009,Below College,12108
33,Yes,Research & Development,3,Male,10,3348,Bachelor,40176
35,No,Research & Development,3,Male,1,1281,Bachelor,15372
23,No,Research & Development,3,Male,5,2819,Bachelor,33828
25,No,Sales,3,Male,4,4851,Bachelor,58212
38,No,Sales,4,Female,8,4028,Master,48336
29,No,Research & Development,4,Male,10,2720,Master,32640
48,No,Sales,1,Male,12,8120,Below College,97440
27,No,Sales,1,Female,6,4647,Below College,55764
37,No,Research & Development,2,Male,4,4680,High School,56160
50,No,Research & Development,1,Male,20,3221,Below College,38652
34,No,Research & Development,3,Female,9,8621,Bachelor,103452
24,Yes,Sales,2,Female,4,4577,High School,54924
39,No,Research & Development,4,Female,20,4553,Master,54636
32,No,Sales,3,Male,10,5396,Bachelor,64752
50,Yes,Sales,2,Male,18,6796,High School,81552
38,No,Research & Development,4,Female,10,7625,Master,91500
27,No,Research & Development,2,Female,9,7412,High School,88944
32,No,Research & Development,2,Female,10,11159,High School,133908
47,No,Sales,4,Male,20,4960,Master,59520
40,No,Sales,4,Male,20,10475,Master,125700
53,No,Research & Development,3,Male,32,14814,Bachelor,177768
41,No,Human Resources,4,Male,23,19141,Master,229692
60,No,Sales,4,Male,10,5405,Master,64860
27,No,Research & Development,2,Male,9,8793,High School,105516
41,No,Human Resources,3,Male,22,19189,Bachelor,230268
50,No,Sales,4,Male,4,3875,Master,46500
28,Yes,Research & Development,2,Female,10,2216,High School,26592
36,No,Research & Development,3,Female,10,11713,Bachelor,140556
38,No,Research & Development,3,Female,10,7861,Bachelor,94332
44,No,Research & Development,3,Male,9,3708,Bachelor,44496
47,No,Sales,3,Female,28,13770,Bachelor,165240
30,No,Sales,5,Male,10,5304,Doctor,63648
29,No,Sales,3,Male,1,2642,Bachelor,31704
42,Yes,Research & Development,3,Male,7,2759,Bachelor,33108
43,No,Sales,3,Male,7,6804,Bachelor,81648
34,No,Research & Development,2,Female,10,6142,High School,73704
23,No,Research & Development,1,Male,5,2500,Below College,30000
39,No,Human Resources,3,Female,12,6389,Bachelor,76668
56,No,Research & Development,3,Male,30,11103,Bachelor,133236
40,No,Research & Development,1,Female,5,2342,Below College,28104
27,No,Research & Development,3,Female,9,6811,Bachelor,81732
29,No,Sales,3,Male,2,2297,Bachelor,27564
53,No,Research & Development,3,Male,19,2450,Bachelor,29400
35,No,Research & Development,4,Female,16,5093,Master,61116
32,No,Research & Development,4,Male,10,5309,Master,63708
38,No,Research & Development,5,Male,6,3057,Doctor,36684
34,No,Research & Development,5,Female,7,5121,Doctor,61452
52,No,Sales,4,Male,34,16856,Master,202272
33,Yes,Research & Development,4,Male,10,2686,Master,32232
25,No,Sales,1,Female,6,6180,Below College,74160
45,No,Sales,2,Male,9,6632,High School,79584
23,No,Research & Development,1,Male,2,3505,Below College,42060
47,Yes,Sales,2,Female,8,6397,High School,76764
34,No,Sales,3,Male,6,6274,Bachelor,75288
55,Yes,Research & Development,3,Male,24,19859,Bachelor,238308
36,No,Sales,4,Male,10,7587,Master,91044
52,No,Research & Development,4,Male,5,4258,Master,51096
26,No,Research & Development,2,Female,5,4364,High School,52368
29,No,Research & Development,3,Female,11,4335,Bachelor,52020
26,Yes,Sales,3,Male,6,5326,Bachelor,63912
34,No,Research & Development,4,Female,10,3280,Master,39360
54,No,Research & Development,4,Female,9,5485,Master,65820
27,No,Sales,1,Male,5,4342,Below College,52104
37,No,Research & Development,1,Female,6,2782,Below College,33384
38,No,Research & Development,4,Female,17,5980,Master,71760
34,No,Research & Development,4,Female,6,4381,Master,52572
35,No,Sales,4,Female,3,2572,Master,30864
30,No,Research & Development,3,Male,7,3833,Bachelor,45996
40,No,Research & Development,2,Female,8,4244,High School,50928
34,No,Sales,2,Female,6,6500,High School,78000
42,No,Research & Development,3,Male,24,18430,Bachelor,221160
23,Yes,Research & Development,3,Male,1,1601,Bachelor,19212
24,No,Research & Development,3,Male,1,2694,Bachelor,32328
52,No,Research & Development,4,Female,9,3149,Master,37788
50,No,Research & Development,3,Male,30,17639,Bachelor,211668
29,Yes,Research & Development,2,Female,1,2319,High School,27828
33,No,Research & Development,3,Male,14,11691,Bachelor,140292
33,Yes,Sales,3,Female,6,5324,Bachelor,63888
47,No,Research & Development,2,Female,26,16752,High School,201024
36,No,Research & Development,3,Female,10,5228,Bachelor,62736
29,No,Research & Development,2,Male,10,2700,High School,32400
58,Yes,Research & Development,4,Male,40,19246,Master,230952
35,No,Research & Development,4,Female,7,2506,Master,30072
42,No,Research & Development,2,Female,8,6062,High School,72744
28,Yes,Research & Development,4,Male,5,4382,Master,52584
36,No,Human Resources,3,Male,8,2143,Bachelor,25716
32,No,Research & Development,3,Female,14,6162,Bachelor,73944
40,No,Research & Development,4,Male,10,5094,Master,61128
30,No,Research & Development,3,Female,12,6877,Bachelor,82524
45,No,Research & Development,3,Female,1,2274,Bachelor,27288
42,No,Research & Development,3,Male,10,4434,Bachelor,53208
38,No,Research & Development,3,Male,13,6288,Bachelor,75456
34,No,Research & Development,4,Female,6,2553,Master,30636
49,Yes,Sales,3,Female,9,7654,Bachelor,91848
55,Yes,Sales,1,Male,12,5160,Below College,61920
43,No,Research & Development,2,Male,22,17159,High School,205908
27,No,Research & Development,1,Male,9,12808,Below College,153696
35,No,Research & Development,3,Male,17,10221,Bachelor,122652
28,No,Sales,4,Female,8,4779,Master,57348
34,No,Human Resources,2,Male,4,3737,High School,44844
26,Yes,Research & Development,2,Female,8,2366,High School,28392
27,No,Research & Development,3,Male,0,1706,Bachelor,20472
51,No,Sales,4,Female,29,16307,Master,195684
44,No,Research & Development,3,Male,10,5933,Bachelor,71196
25,No,Research & Development,1,Male,6,3424,Below College,41088
33,No,Sales,3,Male,9,4037,Bachelor,48444
35,No,Research & Development,1,Female,6,2559,Below College,30708
36,No,Sales,2,Male,18,6201,High School,74412
32,No,Sales,4,Male,8,4403,Master,52836
30,No,Research & Development,4,Male,10,3761,Master,45132
53,No,Sales,2,Female,35,10934,High School,131208
45,No,Sales,3,Male,18,10761,Bachelor,129132
32,No,Research & Development,2,Female,9,5175,High School,62100
52,No,Research & Development,4,Female,31,13826,Master,165912
37,No,Sales,4,Male,9,6334,Master,76008
28,No,Human Resources,2,Male,6,4936,High School,59232
22,No,Research & Development,2,Male,4,4775,High School,57300
44,No,Research & Development,4,Male,10,2818,Master,33816
42,No,Research & Development,1,Male,8,2515,Below College,30180
36,No,Human Resources,3,Male,6,2342,Bachelor,28104
25,No,Sales,1,Male,5,4194,Below College,50328
35,No,Research & Development,3,Female,17,10685,Bachelor,128220
35,Yes,Research & Development,4,Female,10,2022,Master,24264
32,No,Research & Development,3,Male,4,2314,Bachelor,27768
25,No,Sales,1,Male,5,4256,Below College,51072
49,No,Research & Development,3,Female,7,3580,Bachelor,42960
24,No,Research & Development,1,Male,6,3162,Below College,37944
32,No,Sales,2,Male,10,6524,High School,78288
38,No,Sales,3,Male,3,2899,Bachelor,34788
42,No,Research & Development,3,Female,17,5231,Bachelor,62772
31,No,Research & Development,4,Male,8,2356,Master,28272
29,Yes,Sales,3,Female,5,2800,Bachelor,33600
53,No,Sales,3,Male,28,11836,Bachelor,142032
35,No,Research & Development,3,Male,16,10903,Bachelor,130836
37,No,Sales,2,Female,10,2973,High School,35676
53,No,Research & Development,4,Female,33,14275,Master,171300
43,No,Research & Development,3,Female,12,5562,Bachelor,66744
47,No,Sales,2,Female,8,4537,High School,54444
37,No,Sales,2,Male,10,7642,High School,91704
50,No,Research & Development,4,Male,31,17924,Master,215088
39,No,Human Resources,3,Female,13,5204,Bachelor,62448
33,No,Human Resources,2,Male,7,2277,High School,27324
32,Yes,Research & Development,4,Male,1,2795,Master,33540
29,No,Research & Development,1,Female,8,2532,Below College,30384
44,No,Research & Development,2,Male,8,2559,High School,30708
28,No,Sales,4,Male,4,4908,Master,58896
58,Yes,Research & Development,1,Male,3,2380,Below College,28560
43,No,Research & Development,3,Female,4,4765,Bachelor,57180
20,Yes,Sales,3,Female,2,2044,Bachelor,24528
21,Yes,Research & Development,1,Female,1,2693,Below College,32316
36,No,Research & Development,1,Male,17,6586,Below College,79032
47,No,Sales,4,Female,3,3294,Master,39528
22,Yes,Research & Development,1,Female,4,4171,Below College,50052
41,Yes,Research & Development,4,Female,10,2778,Master,33336
28,No,Research & Development,3,Female,6,2377,Bachelor,28524
39,Yes,Research & Development,3,Male,8,2404,Bachelor,28848
27,No,Research & Development,3,Female,1,2318,Bachelor,27816
34,No,Research & Development,3,Male,1,2008,Bachelor,24096
42,No,Sales,2,Female,10,6244,High School,74928
33,No,Research & Development,4,Male,6,2799,Master,33588
58,No,Research & Development,3,Female,24,10552,Bachelor,126624
31,No,Sales,4,Male,13,2329,Master,27948
35,No,Research & Development,1,Female,10,4014,Below College,48168
49,No,Research & Development,2,Female,29,7403,High School,88836
48,No,Research & Development,4,Male,13,2259,Master,27108
31,No,Sales,2,Female,9,6932,High School,83184
36,No,Research & Development,4,Male,8,4678,Master,56136
38,No,Research & Development,3,Female,15,13582,Bachelor,162984
32,No,Research & Development,3,Female,5,2332,Bachelor,27984
25,Yes,Sales,2,Male,1,2413,High School,28956
40,No,Sales,4,Male,11,9705,Master,116460
26,No,Sales,3,Male,7,4294,Bachelor,51528
41,No,Research & Development,3,Male,20,4721,Bachelor,56652
36,No,Research & Development,4,Male,16,2519,Master,30228
19,Yes,Sales,3,Male,1,2121,Bachelor,25452
20,Yes,Research & Development,3,Male,1,2973,Bachelor,35676
31,No,Research & Development,3,Female,10,5855,Bachelor,70260
40,No,Research & Development,4,Male,3,3617,Master,43404
32,No,Research & Development,4,Female,8,6725,Master,80700
36,Yes,Sales,1,Male,16,10325,Below College,123900
33,No,Research & Development,3,Female,6,6949,Bachelor,83388
37,Yes,Sales,4,Male,17,10609,Master,127308
45,No,Research & Development,2,Male,9,4447,High School,53364
29,No,Sales,3,Female,3,2157,Bachelor,25884
35,No,Sales,3,Female,5,4601,Bachelor,55212
52,No,Research & Development,2,Male,26,17099,High School,205188
58,Yes,Research & Development,3,Male,7,2479,Bachelor,29748
53,No,Sales,2,Male,22,14852,High School,178224
30,No,Sales,2,Male,10,7264,High School,87168
38,No,Sales,3,Female,6,5666,Bachelor,67992
35,No,Sales,4,Male,12,7823,Master,93876
39,No,Sales,5,Male,9,7880,Doctor,94560
40,Yes,Sales,3,Female,22,13194,Bachelor,158328
47,No,Research & Development,4,Male,20,5067,Master,60804
36,No,Sales,4,Male,12,5079,Master,60948
31,Yes,Research & Development,2,Male,4,2321,High School,27852
33,No,Sales,3,Male,10,17444,Bachelor,209328
29,Yes,Research & Development,3,Female,3,2404,Bachelor,28848
33,No,Research & Development,1,Female,5,3452,Below College,41424
45,No,Research & Development,4,Female,8,2270,Master,27240
50,No,Research & Development,2,Male,32,17399,High School,208788
33,No,Research & Development,4,Female,6,5488,Master,65856
41,No,Research & Development,3,Male,21,19419,Bachelor,233028
27,No,Research & Development,4,Female,4,2811,Master,33732
45,No,Research & Development,2,Male,9,3633,High School,43596
47,No,Sales,2,Female,9,4163,High School,49956
30,Yes,Research & Development,3,Female,7,2132,Bachelor,25584
50,No,Research & Development,3,Male,22,13973,Bachelor,167676
38,No,Research & Development,1,Male,3,2684,Below College,32208
46,No,Research & Development,2,Male,13,10845,High School,130140
24,No,Research & Development,1,Female,5,4377,Below College,52524
35,Yes,Research & Development,4,Male,5,3743,Master,44916
31,No,Research & Development,1,Female,4,4148,Below College,49776
18,No,Research & Development,2,Male,0,1051,High School,12612
54,No,Research & Development,3,Female,22,10739,Bachelor,128868
35,No,Research & Development,4,Female,16,10388,Master,124656
30,No,Research & Development,2,Female,9,11416,High School,136992
20,Yes,Research & Development,3,Female,1,2600,Bachelor,31200
30,Yes,Research & Development,3,Female,4,2422,Bachelor,29064
26,No,Research & Development,2,Male,8,5472,High School,65664
22,No,Research & Development,1,Male,4,2451,Below College,29412
48,No,Research & Development,3,Male,19,4240,Bachelor,50880
48,No,Research & Development,4,Male,27,10999,Master,131988
41,No,Research & Development,2,Female,8,5003,High School,60036
39,No,Research & Development,1,Female,21,12742,Below College,152904
27,No,Research & Development,4,Female,4,4227,Master,50724
35,No,Research & Development,3,Male,3,3917,Bachelor,47004
42,No,Sales,2,Male,21,18303,High School,219636
50,No,Research & Development,3,Male,8,2380,Bachelor,28560
59,No,Research & Development,3,Female,30,13726,Bachelor,164712
37,Yes,Research & Development,2,Female,15,4777,High School,57324
55,No,Research & Development,4,Male,17,6385,Master,76620
41,No,Research & Development,1,Female,21,19973,Below College,239676
38,No,Sales,4,Male,19,6861,Master,82332
26,Yes,Sales,2,Male,7,4969,High School,59628
52,Yes,Sales,1,Female,33,19845,Below College,238140
44,No,Sales,3,Female,23,13320,Bachelor,159840
50,No,Sales,3,Female,19,6347,Bachelor,76164
36,Yes,Research & Development,4,Female,18,2743,Master,32916
39,No,Research & Development,3,Female,21,10880,Bachelor,130560
33,No,Sales,1,Female,3,2342,Below College,28104
45,No,Sales,2,Female,26,17650,High School,211800
32,No,Research & Development,4,Female,10,4025,Master,48300
34,No,Sales,4,Male,16,9725,Master,116700
59,No,Sales,2,Male,14,11904,High School,142848
45,No,Human Resources,4,Male,6,2177,Master,26124
53,No,Sales,3,Female,30,7525,Bachelor,90300
36,Yes,Research & Development,3,Male,9,4834,Bachelor,58008
26,Yes,Research & Development,3,Male,6,2042,Bachelor,24504
34,No,Sales,4,Female,1,2220,Master,26640
28,No,Sales,1,Male,1,1052,Below College,12624
38,No,Research & Development,4,Male,8,2821,Master,33852
50,No,Research & Development,4,Male,29,19237,Master,230844
37,No,Research & Development,3,Female,8,4107,Bachelor,49284
40,No,Sales,3,Male,8,8396,Bachelor,100752
26,No,Research & Development,1,Female,5,2007,Below College,24084
46,No,Research & Development,4,Male,23,19627,Master,235524
54,No,Sales,4,Female,13,10686,Master,128232
56,No,Research & Development,3,Female,18,2942,Bachelor,35304
36,No,Research & Development,5,Female,15,8858,Doctor,106296
55,No,Research & Development,1,Male,31,16756,Below College,201072
43,No,Sales,3,Male,18,10798,Bachelor,129576
20,Yes,Sales,3,Female,2,2323,Bachelor,27876
21,Yes,Research & Development,3,Female,1,1416,Bachelor,16992
46,No,Research & Development,4,Female,19,4615,Master,55380
51,Yes,Research & Development,4,Male,18,2461,Master,29532
28,Yes,Research & Development,2,Male,10,8722,High School,104664
26,No,Research & Development,2,Male,6,3955,High School,47460
30,No,Research & Development,3,Male,7,9957,Bachelor,119484
41,No,Research & Development,2,Female,10,3376,High School,40512
38,No,Research & Development,1,Female,20,8823,Below College,105876
40,No,Research & Development,4,Male,14,10322,Master,123864
27,No,Research & Development,5,Male,3,4621,Doctor,55452
55,No,Research & Development,1,Male,23,10976,Below College,131712
28,No,Research & Development,3,Female,10,3660,Bachelor,43920
44,Yes,Human Resources,2,Male,24,10482,High School,125784
33,No,Research & Development,3,Male,9,7119,Bachelor,85428
35,Yes,Sales,3,Male,9,9582,Bachelor,114984
33,Yes,Research & Development,4,Female,14,4508,Master,54096
28,No,Research & Development,2,Male,4,2207,High School,26484
34,No,Research & Development,1,Male,7,7756,Below College,93072
37,No,Sales,4,Female,8,6694,Master,80328
25,Yes,Research & Development,1,Male,7,3691,Below College,44292
26,Yes,Research & Development,3,Male,1,2377,Bachelor,28524
33,Yes,Research & Development,3,Male,5,2313,Bachelor,27756
42,No,Research & Development,2,Male,23,17665,High School,211980
28,Yes,Research & Development,3,Male,1,2596,Bachelor,31152
50,Yes,Sales,4,Male,5,4728,Master,56736
33,No,Sales,3,Female,4,4302,Bachelor,51624
34,No,Research & Development,4,Male,6,2979,Master,35748
48,No,Research & Development,4,Male,27,16885,Master,202620
45,No,Sales,4,Female,15,5593,Master,67116
52,No,Research & Development,4,Male,18,10445,Master,125340
38,No,Sales,4,Male,9,8740,Master,104880
29,No,Research & Development,4,Female,11,2514,Master,30168
28,No,Research & Development,3,Female,10,7655,Bachelor,91860
46,No,Sales,1,Male,23,17465,Below College,209580
38,No,Sales,2,Male,10,7351,High School,88212
43,No,Research & Development,3,Female,18,10820,Bachelor,129840
39,Yes,Research & Development,3,Male,21,12169,Bachelor,146028
40,No,Research & Development,3,Male,21,19626,Bachelor,235512
21,No,Research & Development,1,Female,2,2070,Below College,24840
39,No,Research & Development,3,Male,9,6782,Bachelor,81384
36,No,Research & Development,4,Male,18,7779,Master,93348
31,No,Sales,3,Male,3,2791,Bachelor,33492
28,No,Research & Development,1,Male,6,3201,Below College,38412
35,No,Sales,2,Male,5,4968,High School,59616
49,No,Sales,4,Male,22,13120,Master,157440
34,No,Research & Development,2,Male,5,4033,High School,48396
29,No,Research & Development,3,Female,8,3291,Bachelor,39492
42,No,Research & Development,3,Male,16,4272,Bachelor,51264
29,No,Research & Development,1,Male,10,5056,Below College,60672
38,No,Human Resources,3,Male,7,2844,Bachelor,34128
28,No,Research & Development,3,Male,3,2703,Bachelor,32436
18,Yes,Research & Development,1,Male,0,1904,Below College,22848
33,Yes,Sales,4,Female,6,8224,Master,98688
41,No,Research & Development,4,Male,6,4766,Master,57192
31,Yes,Research & Development,3,Male,2,2610,Bachelor,31320
37,No,Research & Development,2,Female,9,5731,High School,68772
27,No,Research & Development,3,Male,4,2539,Bachelor,30468
34,No,Sales,1,Female,6,5714,Below College,68568
35,No,Human Resources,4,Male,6,4323,Master,51876
29,Yes,Sales,1,Female,11,7336,Below College,88032
40,No,Research & Development,4,Female,20,13499,Master,161988
42,Yes,Sales,3,Male,22,13758,Bachelor,165096
42,No,Sales,4,Male,9,5155,Master,61860
35,No,Research & Development,4,Male,10,2258,Master,27096
24,No,Research & Development,3,Male,6,3597,Bachelor,43164
28,Yes,Research & Development,1,Female,1,2515,Below College,30180
26,No,Research & Development,4,Male,8,4420,Master,53040
30,No,Sales,3,Male,10,6578,Bachelor,78936
40,No,Research & Development,2,Female,16,4422,High School,53064
35,No,Research & Development,3,Male,15,10274,Bachelor,123288
34,No,Research & Development,3,Male,14,5343,Bachelor,64116
35,No,Research & Development,4,Male,2,2376,Master,28512
43,Yes,Sales,3,Female,7,5346,Bachelor,64152
32,No,Sales,1,Female,1,2827,Below College,33924
56,No,Research & Development,4,Female,28,19943,Master,239316
29,No,Research & Development,1,Female,10,3131,Below College,37572
19,No,Research & Development,2,Male,1,2552,High School,30624
45,No,Research & Development,3,Female,7,4477,Bachelor,53724
37,No,Research & Development,3,Female,14,6474,Bachelor,77688
20,No,Research & Development,3,Male,2,3033,Bachelor,36396
44,Yes,Research & Development,4,Male,6,2936,Master,35232
53,No,Research & Development,2,Female,26,18606,High School,223272
29,No,Research & Development,1,Female,6,2168,Below College,26016
22,Yes,Research & Development,4,Male,1,2853,Master,34236
46,No,Sales,3,Female,28,17048,Bachelor,204576
44,No,Research & Development,3,Male,6,2290,Bachelor,27480
33,No,Human Resources,3,Male,5,3600,Bachelor,43200
41,Yes,Research & Development,2,Male,5,2107,High School,25284
30,No,Sales,4,Male,8,4115,Master,49380
40,No,Sales,4,Male,5,4327,Master,51924
50,No,Research & Development,3,Female,32,17856,Bachelor,214272
28,No,Research & Development,4,Male,6,3196,Master,38352
46,No,Research & Development,2,Male,25,19081,High School,228972
35,No,Sales,4,Male,15,8966,Master,107592
24,Yes,Research & Development,2,Female,1,2210,High School,26520
33,No,Sales,3,Female,10,4539,Bachelor,54468
36,No,Research & Development,4,Male,7,2741,Master,32892
30,No,Research & Development,4,Male,10,3491,Master,41892
44,No,Research & Development,4,Male,20,4541,Master,54492
20,No,Sales,3,Male,2,2678,Bachelor,32136
46,No,Research & Development,4,Male,12,7379,Master,88548
42,No,Human Resources,5,Male,10,6272,Doctor,75264
60,No,Sales,4,Male,12,5220,Master,62640
32,No,Research & Development,3,Female,2,2743,Bachelor,32916
32,No,Research & Development,2,Female,10,4998,High School,59976
36,No,Research & Development,3,Female,17,10252,Bachelor,123024
33,No,Research & Development,3,Male,15,2781,Bachelor,33372
40,No,Sales,3,Female,7,6852,Bachelor,82224
25,No,Sales,4,Male,5,4950,Master,59400
30,No,Research & Development,3,Male,12,3579,Bachelor,42948
42,No,Research & Development,5,Female,20,13191,Doctor,158292
35,No,Sales,2,Female,16,10377,High School,124524
27,No,Research & Development,3,Male,9,2235,Bachelor,26820
54,No,Research & Development,4,Female,33,10502,Master,126024
44,No,Research & Development,1,Female,10,2011,Below College,24132
19,Yes,Research & Development,3,Female,1,1859,Bachelor,22308
29,No,Research & Development,3,Female,3,3760,Bachelor,45120
54,No,Research & Development,3,Male,36,17779,Bachelor,213348
31,No,Research & Development,2,Male,6,6833,High School,81996
31,No,Research & Development,3,Female,10,6812,Bachelor,81744
59,No,Sales,3,Female,13,5171,Bachelor,62052
43,No,Research & Development,3,Male,25,19740,Bachelor,236880
49,No,Research & Development,2,Male,23,18711,High School,224532
36,No,Research & Development,3,Male,12,3692,Bachelor,44304
48,No,Research & Development,2,Male,7,2559,High School,30708
27,No,Research & Development,2,Male,5,2517,High School,30204
29,No,Research & Development,3,Male,6,6623,Bachelor,79476
48,No,Research & Development,3,Male,25,18265,Bachelor,219180
29,No,Research & Development,3,Female,9,16124,Bachelor,193488
34,No,Research & Development,3,Female,2,2585,Bachelor,31020
44,No,Sales,3,Male,26,18213,Bachelor,218556
33,No,Sales,5,Male,10,8380,Doctor,100560
19,No,Research & Development,3,Female,1,2994,Bachelor,35928
23,No,Research & Development,2,Male,1,1223,High School,14676
25,Yes,Sales,1,Male,1,1118,Below College,13416
26,No,Research & Development,2,Male,8,2875,High School,34500
45,Yes,Sales,3,Female,26,18824,Bachelor,225888
55,No,Research & Development,1,Male,34,13577,Below College,162924
21,Yes,Research & Development,2,Female,2,2625,High School,31500
46,No,Sales,2,Female,26,18789,High School,225468
34,No,Sales,3,Female,4,4538,Bachelor,54456
51,No,Sales,3,Male,31,19847,Bachelor,238164
59,No,Research & Development,4,Male,25,10512,Master,126144
34,No,Research & Development,3,Female,15,4444,Bachelor,53328
28,No,Research & Development,4,Male,5,2154,Master,25848
44,No,Research & Development,2,Male,26,19190,High School,230280
34,No,Human Resources,3,Male,14,4490,Bachelor,53880
35,No,Research & Development,1,Male,4,3506,Below College,42072
42,No,Research & Development,4,Female,18,2372,Master,28464
43,No,Sales,4,Female,23,10231,Master,122772
36,No,Research & Development,4,Female,18,5410,Master,64920
44,Yes,Research & Development,3,Female,10,7978,Bachelor,95736
28,No,Research & Development,3,Male,2,3867,Bachelor,46404
51,No,Research & Development,2,Female,8,2838,High School,34056
30,No,Research & Development,2,Female,10,4695,High School,56340
29,Yes,Research & Development,3,Female,10,3339,Bachelor,40068
28,No,Research & Development,3,Male,5,2080,Bachelor,24960
25,No,Research & Development,3,Female,2,2096,Bachelor,25152
32,No,Sales,3,Male,10,6209,Bachelor,74508
45,No,Research & Development,3,Female,22,18061,Bachelor,216732
39,No,Research & Development,4,Female,21,17123,Master,205476
58,No,Research & Development,4,Male,2,2372,Master,28464
32,Yes,Research & Development,2,Male,10,4883,High School,58596
39,Yes,Research & Development,3,Male,6,3904,Bachelor,46848
30,No,Research & Development,3,Female,10,4627,Bachelor,55524
36,No,Research & Development,4,Female,10,7094,Master,85128
46,No,Human Resources,2,Female,10,3423,High School,41076
28,No,Research & Development,3,Female,10,6674,Bachelor,80088
50,No,Research & Development,3,Female,25,16880,Bachelor,202560
40,Yes,Sales,4,Male,9,9094,Master,109128
52,Yes,Sales,3,Male,10,8446,Bachelor,101352
30,No,Research & Development,4,Female,9,11916,Master,142992
39,No,Research & Development,2,Male,9,4534,High School,54408
31,No,Sales,4,Female,10,9852,Master,118224
41,No,Sales,2,Male,19,6151,High School,73812
31,Yes,Sales,3,Female,3,2302,Bachelor,27624
44,Yes,Research & Development,3,Male,10,2362,Bachelor,28344
42,No,Research & Development,1,Male,21,17861,Below College,214332
55,No,Research & Development,2,Female,23,19187,High School,230244
56,No,Human Resources,4,Male,36,19717,Master,236604
40,No,Research & Development,2,Male,6,3544,High School,42528
34,No,Research & Development,3,Male,10,8500,Bachelor,102000
40,No,Research & Development,3,Male,9,4661,Bachelor,55932
41,No,Sales,3,Female,10,4103,Bachelor,49236
35,No,Research & Development,4,Male,9,4249,Master,50988
51,No,Human Resources,3,Male,33,14026,Bachelor,168312
38,No,Sales,2,Female,11,6893,High School,82716
34,No,Sales,2,Female,10,6125,High School,73500
25,No,Research & Development,1,Male,7,3669,Below College,44028
58,Yes,Research & Development,4,Female,31,10008,Master,120096
40,No,Research & Development,4,Male,7,2387,Master,28644
36,No,Sales,3,Female,17,4639,Bachelor,55668
48,No,Research & Development,3,Male,11,7898,Bachelor,94776
27,No,Sales,3,Female,5,2534,Bachelor,30408
51,No,Research & Development,2,Female,29,13142,High School,157704
18,No,Research & Development,3,Female,0,1611,Bachelor,19332
35,No,Research & Development,3,Female,10,5363,Bachelor,64356
27,No,Sales,1,Male,8,5071,Below College,60852
55,Yes,Sales,4,Male,24,13695,Master,164340
56,No,Research & Development,3,Male,33,13402,Bachelor,160824
34,No,Research & Development,1,Female,5,2029,Below College,24348
40,No,Research & Development,1,Female,15,6377,Below College,76524
34,No,Research & Development,3,Male,10,5429,Bachelor,65148
31,Yes,Sales,3,Female,3,2785,Bachelor,33420
35,Yes,Sales,4,Female,5,4614,Master,55368
38,No,Research & Development,3,Male,4,2610,Bachelor,31320
34,No,Research & Development,4,Female,14,6687,Master,80244
28,No,Sales,3,Male,5,4724,Bachelor,56688
31,Yes,Research & Development,4,Male,10,6179,Master,74148
39,No,Sales,4,Male,8,6120,Master,73440
51,No,Sales,3,Male,14,10596,Bachelor,127152
41,No,Research & Development,3,Female,12,5467,Bachelor,65604
37,No,Research & Development,1,Male,8,2996,Below College,35952
33,No,Sales,1,Male,8,9998,Below College,119976
32,No,Sales,1,Male,4,4078,Below College,48936
39,No,Research & Development,2,Male,13,10920,High School,131040
25,No,Sales,1,Male,6,6232,Below College,74784
52,No,Research & Development,2,Female,24,13247,High School,158964
43,No,Research & Development,3,Female,20,4081,Bachelor,48972
27,No,Sales,3,Female,6,5769,Bachelor,69228
27,Yes,Research & Development,4,Female,8,2394,Master,28728
26,No,Research & Development,1,Male,5,3904,Below College,46848
42,No,Human Resources,3,Female,21,16799,Bachelor,201588
52,No,Research & Development,4,Female,12,2950,Master,35400
37,No,Research & Development,3,Female,8,3629,Bachelor,43548
35,No,Research & Development,2,Male,10,9362,High School,112344
25,No,Research & Development,3,Male,7,3229,Bachelor,38748
26,No,Research & Development,3,Male,8,3578,Bachelor,42936
29,No,Human Resources,3,Male,10,7988,Bachelor,95856
49,Yes,Research & Development,2,Male,20,4284,High School,51408
29,Yes,Research & Development,1,Female,9,7553,Below College,90636
54,No,Research & Development,3,Female,29,17328,Bachelor,207936
58,No,Research & Development,3,Female,32,19701,Bachelor,236412
55,No,Research & Development,4,Male,31,14732,Master,176784
36,No,Sales,4,Female,15,9278,Master,111336
31,Yes,Sales,4,Female,1,1359,Master,16308
30,No,Sales,4,Female,8,4779,Master,57348
31,No,Research & Development,5,Female,9,16422,Doctor,197064
34,No,Research & Development,4,Male,10,2996,Master,35952
31,Yes,Research & Development,3,Female,1,1261,Bachelor,15132
27,No,Research & Development,1,Male,6,2099,Below College,25188
36,No,Research & Development,4,Male,10,5810,Master,69720
36,No,Sales,4,Female,11,5647,Master,67764
47,No,Research & Development,3,Male,17,3420,Bachelor,41040
25,Yes,Sales,2,Male,6,4400,High School,52800
37,No,Research & Development,2,Male,7,3500,High School,42000
56,No,Research & Development,2,Female,5,2066,High School,24792
47,No,Research & Development,4,Female,26,17169,Master,206028
24,No,Sales,1,Female,5,4162,Below College,49944
32,No,Sales,5,Male,7,9204,Doctor,110448
34,No,Research & Development,3,Female,7,3294,Bachelor,39528
41,No,Research & Development,5,Male,7,2127,Doctor,25524
40,No,Research & Development,4,Male,11,3975,Master,47700
31,No,Sales,2,Male,13,10793,High School,129516
46,Yes,Sales,3,Male,28,10096,Bachelor,121152
39,Yes,Research & Development,3,Female,11,3646,Bachelor,43752
31,Yes,Research & Development,5,Female,10,7446,Doctor,89352
45,No,Research & Development,3,Male,24,10851,Bachelor,130212
31,No,Human Resources,2,Female,8,2109,High School,25308
31,Yes,Research & Development,3,Male,7,3722,Bachelor,44664
45,No,Research & Development,3,Male,10,9380,Bachelor,112560
48,No,Sales,3,Male,15,5486,Bachelor,65832
34,Yes,Human Resources,4,Female,2,2742,Master,32904
40,No,Research & Development,1,Male,16,13757,Below College,165084
28,No,Sales,3,Male,6,8463,Bachelor,101556
44,No,Research & Development,3,Male,7,3162,Bachelor,37944
53,No,Research & Development,3,Male,35,16598,Bachelor,199176
49,No,Research & Development,4,Male,20,6651,Master,79812
40,No,Research & Development,3,Male,8,2345,Bachelor,28140
44,No,Research & Development,3,Male,6,3420,Bachelor,41040
33,No,Sales,3,Male,5,4373,Bachelor,52476
34,No,Sales,3,Male,15,4759,Bachelor,57108
30,No,Sales,1,Male,4,5301,Below College,63612
42,No,Research & Development,2,Female,12,3673,High School,44076
44,No,Sales,5,Female,11,4768,Doctor,57216
30,No,Research & Development,3,Male,1,1274,Bachelor,15288
57,No,Research & Development,2,Male,13,4900,High School,58800
49,No,Research & Development,4,Male,29,10466,Master,125592
34,No,Research & Development,3,Male,16,17007,Bachelor,204084
28,Yes,Sales,3,Male,5,2909,Bachelor,34908
29,Yes,Sales,3,Female,7,5765,Bachelor,69180
34,Yes,Sales,4,Female,16,4599,Master,55188
35,No,Sales,1,Male,1,2404,Below College,28848
24,Yes,Research & Development,3,Male,4,3172,Bachelor,38064
24,No,Sales,2,Female,1,2033,High School,24396
44,No,Research & Development,1,Male,16,10209,Below College,122508
29,No,Sales,3,Male,10,8620,Bachelor,103440
30,No,Human Resources,3,Male,6,2064,Bachelor,24768
55,No,Research & Development,4,Male,4,4035,Master,48420
33,No,Research & Development,4,Female,8,3838,Master,46056
47,No,Sales,3,Female,11,4591,Bachelor,55092
28,Yes,Research & Development,2,Male,8,2561,High School,30732
28,No,Research & Development,3,Male,1,1563,Bachelor,18756
28,No,Sales,3,Male,5,4898,Bachelor,58776
49,No,Research & Development,2,Female,10,4789,High School,57468
29,No,Research & Development,1,Female,4,3180,Below College,38160
28,No,Research & Development,1,Male,8,6549,Below College,78588
33,No,Research & Development,5,Male,14,6388,Doctor,76656
32,No,Research & Development,3,Male,10,11244,Bachelor,134928
54,No,Research & Development,4,Female,26,16032,Master,192384
29,Yes,Research & Development,4,Male,11,2362,Master,28344
44,No,Research & Development,3,Male,24,16328,Bachelor,195936
39,No,Research & Development,3,Female,9,8376,Bachelor,100512
46,No,Sales,3,Female,23,16606,Bachelor,199272
35,No,Research & Development,3,Female,11,8606,Bachelor,103272
23,No,Research & Development,1,Male,5,2272,Below College,27264
40,Yes,Research & Development,4,Male,15,2018,Master,24216
34,No,Sales,3,Male,10,7083,Bachelor,84996
31,Yes,Research & Development,3,Female,7,4084,Bachelor,49008
50,No,Research & Development,5,Male,32,14411,Doctor,172932
34,No,Sales,2,Male,12,2308,High School,27696
42,No,Research & Development,3,Male,4,4841,Bachelor,58092
37,No,Research & Development,3,Male,10,4285,Bachelor,51420
29,No,Research & Development,1,Female,9,9715,Below College,116580
33,No,Research & Development,3,Male,5,4320,Bachelor,51840
45,No,Research & Development,3,Male,8,2132,Bachelor,25584
42,No,Research & Development,3,Male,24,10124,Bachelor,121488
40,No,Sales,2,Male,9,5473,High School,65676
33,No,Research & Development,4,Male,15,5207,Master,62484
40,No,Human Resources,2,Male,21,16437,High School,197244
24,No,Research & Development,2,Male,2,2296,High School,27552
40,No,Research & Development,2,Male,8,4069,High School,48828
45,No,Research & Development,4,Male,10,7441,Master,89292
35,No,Sales,4,Female,6,2430,Master,29160
32,No,Research & Development,2,Female,12,5878,High School,70536
36,No,Sales,4,Male,7,2644,Master,31728
48,No,Sales,4,Female,18,6439,Master,77268
29,No,Research & Development,3,Male,5,2451,Bachelor,29412
33,No,Sales,4,Male,8,6392,Master,76704
30,Yes,Sales,3,Male,10,9714,Bachelor,116568
38,No,Human Resources,4,Male,10,6077,Master,72924
35,No,Research & Development,3,Male,3,2450,Bachelor,29400
30,No,Sales,4,Male,9,9250,Master,111000
35,Yes,Research & Development,3,Female,1,2074,Bachelor,24888
53,Yes,Research & Development,5,Female,34,10169,Doctor,122028
38,Yes,Research & Development,3,Male,7,4855,Bachelor,58260
32,No,Research & Development,4,Male,9,4087,Master,49044
48,No,Research & Development,4,Female,10,2367,Master,28404
34,No,Research & Development,4,Male,1,2972,Master,35664
55,No,Sales,5,Male,36,19586,Doctor,235032
34,No,Research & Development,4,Male,9,5484,Master,65808
26,No,Research & Development,3,Female,1,2061,Bachelor,24732
38,No,Sales,3,Male,10,9924,Bachelor,119088
38,No,Sales,3,Female,8,4198,Bachelor,50376
36,No,Sales,4,Female,15,6815,Master,81780
29,No,Research & Development,1,Male,10,4723,Below College,56676
35,No,Research & Development,4,Female,10,6142,Master,73704
39,No,Sales,3,Male,11,8237,Bachelor,98844
29,No,Research & Development,1,Male,6,8853,Below College,106236
50,No,Sales,3,Male,27,19331,Bachelor,231972
23,No,Research & Development,3,Male,4,2073,Bachelor,24876
36,No,Research & Development,4,Male,9,5562,Master,66744
42,No,Research & Development,2,Male,24,19613,High School,235356
35,No,Research & Development,3,Male,10,3407,Bachelor,40884
34,No,Research & Development,4,Male,8,5063,Master,60756
40,No,Sales,2,Female,5,4639,High School,55668
43,No,Research & Development,3,Male,8,4876,Bachelor,58512
35,No,Research & Development,2,Male,1,2690,High School,32280
46,No,Sales,4,Male,27,17567,Master,210804
28,Yes,Research & Development,3,Male,1,2408,Bachelor,28896
22,No,Research & Development,2,Female,4,2814,High School,33768
50,No,Research & Development,5,Male,32,11245,Doctor,134940
32,No,Research & Development,4,Female,6,3312,Master,39744
44,No,Research & Development,3,Female,23,19049,Bachelor,228588
30,No,Research & Development,3,Male,6,2141,Bachelor,25692
45,No,Research & Development,5,Female,10,5769,Doctor,69228
45,No,Sales,3,Male,10,4385,Bachelor,52620
31,No,Sales,4,Male,10,5332,Master,63984
36,No,Research & Development,4,Female,7,4663,Master,55956
34,No,Research & Development,4,Male,9,4724,Master,56688
49,No,Research & Development,4,Female,10,3211,Master,38532
39,No,Research & Development,5,Male,10,5377,Doctor,64524
27,No,Research & Development,3,Male,7,4066,Bachelor,48792
35,No,Research & Development,5,Male,16,5208,Doctor,62496
28,No,Research & Development,3,Female,6,4877,Bachelor,58524
21,No,Research & Development,1,Male,3,3117,Below College,37404
18,Yes,Sales,2,Female,0,1569,High School,18828
47,No,Human Resources,4,Female,27,19658,Master,235896
39,No,Research & Development,2,Male,11,3069,High School,36828
40,No,Research & Development,3,Female,18,10435,Bachelor,125220
35,No,Research & Development,4,Female,15,4148,Master,49776
37,No,Research & Development,3,Male,9,5768,Bachelor,69216
39,No,Research & Development,3,Female,10,5042,Bachelor,60504
45,No,Research & Development,2,Female,10,5770,High School,69240
38,No,Research & Development,2,Female,10,7756,High School,93072
35,Yes,Sales,3,Male,15,10306,Bachelor,123672
37,No,Research & Development,3,Female,8,3936,Bachelor,47232
40,No,Research & Development,3,Female,18,7945,Bachelor,95340
44,No,Human Resources,5,Male,14,5743,Doctor,68916
48,No,Research & Development,5,Male,23,15202,Doctor,182424
35,Yes,Sales,2,Male,7,5440,High School,65280
24,No,Research & Development,1,Female,6,3760,Below College,45120
27,No,Research & Development,3,Female,5,3517,Bachelor,42204
27,No,Research & Development,3,Male,6,2580,Bachelor,30960
40,Yes,Research & Development,3,Male,10,2166,Bachelor,25992
29,No,Sales,3,Male,8,5869,Bachelor,70428
36,No,Research & Development,4,Female,9,8008,Master,96096
25,No,Research & Development,1,Male,7,5206,Below College,62472
39,No,Research & Development,3,Male,7,5295,Bachelor,63540
49,No,Research & Development,4,Female,27,16413,Master,196956
50,No,Research & Development,5,Female,19,13269,Doctor,159228
20,No,Sales,3,Female,2,2783,Bachelor,33396
34,No,Research & Development,3,Female,11,5433,Bachelor,65196
36,No,Research & Development,3,Male,15,2013,Bachelor,24156
49,No,Research & Development,1,Female,30,13966,Below College,167592
36,No,Research & Development,4,Female,4,4374,Master,52488
36,No,Research & Development,2,Male,13,6842,High School,82104
54,No,Research & Development,5,Female,36,17426,Doctor,209112
43,No,Research & Development,2,Male,14,17603,High School,211236
35,Yes,Sales,4,Male,13,4581,Master,54972
38,No,Research & Development,3,Male,19,4735,Bachelor,56820
29,No,Sales,3,Male,10,4187,Bachelor,50244
33,No,Sales,4,Male,6,5505,Master,66060
32,No,Research & Development,3,Male,10,5470,Bachelor,65640
31,No,Sales,4,Female,10,5476,Master,65712
49,No,Research & Development,3,Female,17,2587,Bachelor,31044
38,No,Research & Development,3,Female,4,2440,Bachelor,29280
47,No,Sales,4,Female,29,15972,Master,191664
49,No,Research & Development,3,Male,23,15379,Bachelor,184548
41,No,Sales,2,Male,21,7082,High School,84984
20,No,Sales,1,Male,2,2728,Below College,32736
33,No,Sales,3,Female,7,5368,Bachelor,64416
36,No,Research & Development,4,Male,10,5347,Master,64164
44,No,Human Resources,3,Female,8,3195,Bachelor,38340
23,Yes,Research & Development,1,Male,5,3989,Below College,47868
38,No,Research & Development,2,Female,7,3306,High School,39672
53,No,Research & Development,4,Male,11,7005,Master,84060
48,Yes,Sales,2,Female,19,2655,High School,31860
32,Yes,Research & Development,4,Male,1,1393,Master,16716
26,No,Research & Development,3,Male,7,2570,Bachelor,30840
55,No,Research & Development,3,Male,8,3537,Bachelor,42444
34,No,Research & Development,2,Male,15,3986,High School,47832
60,No,Research & Development,4,Male,19,10883,Master,130596
33,No,Research & Development,3,Male,14,2028,Bachelor,24336
37,No,Sales,4,Male,6,9525,Master,114300
34,No,Research & Development,3,Female,10,2929,Bachelor,35148
23,Yes,Sales,3,Male,3,2275,Bachelor,27300
44,No,Research & Development,3,Female,9,7879,Bachelor,94548
35,No,Research & Development,4,Male,6,4930,Master,59160
43,No,Sales,3,Male,10,7847,Bachelor,94164
24,No,Research & Development,3,Male,5,4401,Bachelor,52812
41,No,Sales,3,Male,10,9241,Bachelor,110892
29,No,Research & Development,4,Female,9,2974,Master,35688
36,No,Sales,4,Female,17,4502,Master,54024
45,No,Research & Development,1,Male,25,10748,Below College,128976
24,Yes,Human Resources,1,Male,1,1555,Below College,18660
47,Yes,Sales,3,Male,25,12936,Bachelor,155232
26,No,Research & Development,4,Male,3,2305,Master,27660
45,No,Research & Development,2,Female,21,16704,High School,200448
32,No,Research & Development,3,Male,10,3433,Bachelor,41196
31,No,Research & Development,4,Male,6,3477,Master,41724
41,No,Human Resources,3,Male,10,6430,Bachelor,77160
40,No,Research & Development,2,Female,18,6516,High School,78192
24,No,Research & Development,1,Male,6,3907,Below College,46884
46,No,Research & Development,4,Male,19,5562,Master,66744
35,No,Research & Development,4,Male,17,6883,Master,82596
30,No,Research & Development,1,Male,10,2862,Below College,34344
47,No,Sales,4,Male,4,4978,Master,59736
46,No,Sales,3,Male,13,10368,Bachelor,124416
36,Yes,Sales,5,Male,16,6134,Doctor,73608
32,Yes,Sales,2,Male,10,6735,High School,80820
23,No,Research & Development,1,Female,3,3295,Below College,39540
31,No,Research & Development,1,Female,9,5238,Below College,62856
39,No,Research & Development,3,Male,9,6472,Bachelor,77664
32,No,Sales,3,Male,10,9610,Bachelor,115320
40,No,Sales,4,Male,21,19833,Master,237996
45,No,Human Resources,3,Female,9,9756,Bachelor,117072
30,No,Research & Development,4,Female,10,4968,Master,59616
24,No,Human Resources,3,Male,3,2145,Bachelor,25740
30,Yes,Human Resources,3,Female,6,2180,Bachelor,26160
31,No,Sales,3,Male,6,8346,Bachelor,100152
27,No,Research & Development,3,Female,6,3445,Bachelor,41340
29,Yes,Sales,3,Female,2,2760,Bachelor,33120
29,No,Research & Development,3,Male,10,6294,Bachelor,75528
30,No,Sales,2,Male,12,7140,High School,85680
34,No,Research & Development,4,Male,6,2932,Master,35184
33,No,Sales,3,Female,13,5147,Bachelor,61764
49,No,Sales,4,Female,8,4507,Master,54084
33,Yes,Sales,3,Female,11,8564,Bachelor,102768
38,No,Research & Development,2,Female,9,2468,High School,29616
31,Yes,Sales,4,Male,10,8161,Master,97932
29,No,Research & Development,3,Female,1,2109,Bachelor,25308
30,No,Research & Development,3,Male,10,5294,Bachelor,63528
32,No,Research & Development,4,Male,12,2718,Master,32616
38,No,Research & Development,3,Male,15,5811,Bachelor,69732
43,Yes,Research & Development,3,Male,6,2437,Bachelor,29244
42,No,Research & Development,3,Male,7,2766,Bachelor,33192
55,No,Research & Development,3,Male,34,19038,Bachelor,228456
33,No,Research & Development,3,Male,11,3055,Bachelor,36660
41,No,Research & Development,4,Male,5,2289,Master,27468
34,No,Sales,3,Male,15,4001,Bachelor,48012
53,No,Research & Development,4,Female,27,12965,Master,155580
43,No,Human Resources,3,Male,10,3539,Bachelor,42468
34,No,Sales,2,Female,6,6029,High School,72348
21,Yes,Sales,1,Male,1,2679,Below College,32148
38,No,Research & Development,2,Female,5,3702,High School,44424
22,Yes,Research & Development,1,Female,1,2398,Below College,28776
31,No,Sales,4,Female,13,5468,Master,65616
51,No,Research & Development,3,Female,15,13116,Bachelor,157392
37,No,Sales,2,Male,5,4189,High School,50268
46,No,Research & Development,4,Male,24,19328,Master,231936
36,No,Research & Development,3,Male,15,8321,Bachelor,99852
44,Yes,Research & Development,2,Male,6,2342,High School,28104
37,No,Human Resources,2,Male,19,4071,High School,48852
35,Yes,Sales,3,Male,10,5813,Bachelor,69756
33,No,Research & Development,4,Male,14,3143,Master,37716
28,No,Research & Development,3,Male,5,2044,Bachelor,24528
39,No,Research & Development,1,Male,9,13464,Below College,161568
46,No,Sales,2,Male,6,7991,High School,95892
40,No,Research & Development,2,Female,7,3377,High School,40524
42,No,Research & Development,3,Male,10,5538,Bachelor,66456
35,No,Research & Development,2,Male,15,5762,High School,69144
38,No,Human Resources,3,Male,13,2592,Bachelor,31104
34,Yes,Research & Development,4,Male,11,5346,Master,64152
37,Yes,Research & Development,4,Male,10,4213,Master,50556
39,No,Sales,3,Male,7,4127,Bachelor,49524
43,No,Research & Development,3,Male,7,2438,Bachelor,29256
41,No,Research & Development,3,Male,11,6870,Bachelor,82440
41,No,Sales,1,Female,23,10447,Below College,125364
30,No,Research & Development,3,Female,9,9667,Bachelor,116004
26,Yes,Human Resources,2,Female,6,2148,High School,25776
46,Yes,Research & Development,2,Female,13,8926,High School,107112
40,No,Research & Development,3,Female,12,6513,Bachelor,78156
34,No,Sales,2,Male,10,6799,High School,81588
58,No,Sales,3,Male,37,16291,Bachelor,195492
35,No,Research & Development,4,Male,6,2705,Master,32460
47,No,Research & Development,3,Female,28,10333,Bachelor,123996
40,No,Research & Development,3,Female,15,4448,Bachelor,53376
54,No,Research & Development,4,Female,14,6854,Master,82248
31,No,Sales,4,Female,9,9637,Master,115644
28,No,Research & Development,3,Female,3,3591,Bachelor,43092
38,No,Sales,4,Female,20,5405,Master,64860
26,No,Sales,3,Male,5,4684,Bachelor,56208
58,No,Research & Development,4,Male,23,15787,Master,189444
18,No,Research & Development,3,Female,0,1514,Bachelor,18168
31,Yes,Human Resources,5,Male,2,2956,Doctor,35472
29,Yes,Human Resources,3,Male,4,2335,Bachelor,28020
45,No,Sales,4,Female,10,5154,Master,61848
36,No,Research & Development,4,Female,15,6962,Master,83544
43,No,Sales,4,Male,7,5675,Master,68100
27,No,Research & Development,2,Female,6,2379,High School,28548
29,No,Research & Development,1,Male,11,3812,Below College,45744
32,No,Sales,4,Male,4,4648,Master,55776
42,No,Research & Development,4,Male,10,2936,Master,35232
47,No,Research & Development,4,Female,7,2105,Master,25260
46,No,Research & Development,2,Male,12,8578,High School,102936
28,No,Human Resources,2,Male,3,2706,High School,32472
29,No,Research & Development,1,Male,11,6384,Below College,76608
42,No,Research & Development,3,Male,8,3968,Bachelor,47616
32,Yes,Sales,4,Male,7,9907,Master,118884
46,No,Sales,3,Female,25,13225,Bachelor,158700
27,No,Sales,1,Female,9,3540,Below College,42480
29,No,Human Resources,1,Male,1,2804,Below College,33648
43,No,Research & Development,3,Female,21,19392,Bachelor,232704
48,No,Research & Development,3,Male,29,19665,Bachelor,235980
29,Yes,Research & Development,2,Male,1,2439,High School,29268
46,Yes,Sales,3,Female,14,7314,Bachelor,87768
27,No,Research & Development,3,Female,8,4774,Bachelor,57288
39,No,Research & Development,4,Male,7,3902,Master,46824
55,No,Research & Development,4,Male,19,2662,Master,31944
28,No,Sales,3,Female,1,2856,Bachelor,34272
30,Yes,Sales,3,Male,1,1081,Bachelor,12972
22,Yes,Research & Development,1,Male,1,2472,Below College,29664
36,No,Sales,4,Female,10,5673,Master,68076
31,No,Research & Development,3,Male,10,4197,Bachelor,50364
34,No,Sales,3,Male,9,9713,Bachelor,116556
29,No,Research & Development,3,Male,11,2062,Bachelor,24744
37,No,Research & Development,4,Male,16,4284,Master,51408
35,No,Research & Development,2,Female,4,4788,High School,57456
45,No,Research & Development,2,Female,10,5906,High School,70872
36,No,Human Resources,1,Male,10,3886,Below College,46632
40,No,Research & Development,4,Male,22,16823,Master,201876
26,No,Research & Development,2,Female,1,2933,High School,35196
27,No,Sales,2,Female,9,6500,High School,78000
48,No,Research & Development,3,Female,24,17174,Bachelor,206088
44,No,Research & Development,4,Male,10,5033,Master,60396
34,Yes,Research & Development,4,Male,5,2307,Master,27684
56,Yes,Research & Development,2,Male,5,2587,High School,31044
36,No,Sales,2,Male,12,5507,High School,66084
41,No,Sales,3,Female,14,4393,Bachelor,52716
42,No,Research & Development,3,Male,18,13348,Bachelor,160176
31,No,Sales,2,Female,8,6583,High School,78996
34,No,Sales,1,Female,9,8103,Below College,97236
31,No,Research & Development,3,Female,4,3978,Bachelor,47736
26,No,Research & Development,3,Male,8,2544,Bachelor,30528
45,No,Research & Development,4,Male,12,5399,Master,64788
33,No,Sales,4,Male,10,5487,Master,65844
28,No,Sales,2,Male,7,6834,High School,82008
29,Yes,Sales,3,Male,1,1091,Bachelor,13092
39,No,Sales,4,Female,10,5736,Master,68832
27,No,Research & Development,4,Male,6,2226,Master,26712
34,No,Research & Development,4,Male,16,5747,Master,68964
28,Yes,Sales,2,Female,6,9854,High School,118248
47,No,Research & Development,4,Male,16,5467,Master,65604
56,No,Sales,5,Female,6,5380,Doctor,64560
39,No,Research & Development,2,Male,10,5151,High School,61812
38,No,Research & Development,3,Female,20,2133,Bachelor,25596
58,No,Sales,3,Female,29,17875,Bachelor,214500
32,Yes,Research & Development,2,Female,8,2432,High School,29184
38,No,Research & Development,2,Male,10,4771,High School,57252
49,No,Research & Development,1,Male,28,19161,Below College,229932
42,No,Sales,4,Male,14,5087,Master,61044
27,Yes,Human Resources,3,Female,1,2863,Bachelor,34356
35,No,Sales,4,Male,6,5561,Master,66732
28,No,Research & Development,3,Male,5,2144,Bachelor,25728
31,No,Research & Development,2,Male,4,3065,High School,36780
36,No,Research & Development,4,Male,5,2810,Master,33720
34,No,Sales,3,Male,14,9888,Bachelor,118656
34,No,Sales,4,Male,9,8628,Master,103536
26,No,Research & Development,3,Male,8,2867,Bachelor,34404
29,No,Research & Development,3,Male,6,5373,Bachelor,64476
32,No,Research & Development,4,Female,9,6667,Master,80004
31,No,Research & Development,3,Male,10,5003,Bachelor,60036
28,Yes,Research & Development,3,Male,6,2367,Bachelor,28404
38,No,Sales,3,Male,20,2858,Bachelor,34296
35,No,Sales,4,Female,10,5204,Master,62448
27,No,Sales,3,Male,7,4105,Bachelor,49260
32,No,Research & Development,4,Male,8,9679,Master,116148
31,Yes,Sales,4,Male,10,5617,Master,67404
53,Yes,Sales,4,Male,15,10448,Master,125376
54,No,Research & Development,2,Female,9,2897,High School,34764
33,No,Research & Development,2,Male,9,5968,High School,71616
43,No,Research & Development,3,Male,10,7510,Bachelor,90120
38,No,Human Resources,4,Male,7,2991,Master,35892
55,No,Human Resources,4,Male,35,19636,Master,235632
31,No,Research & Development,1,Female,1,1129,Below College,13548
39,No,Sales,4,Male,21,13341,Master,160092
42,No,Research & Development,2,Male,20,4332,High School,51984
31,No,Research & Development,3,Female,13,11031,Bachelor,132372
54,No,Research & Development,3,Female,9,4440,Bachelor,53280
24,No,Research & Development,2,Male,4,4617,High School,55404
23,No,Research & Development,2,Male,5,2647,High School,31764
40,No,Research & Development,3,Female,10,6323,Bachelor,75876
40,No,Sales,2,Female,15,5677,High School,68124
25,No,Human Resources,3,Female,6,2187,Bachelor,26244
30,No,Research & Development,2,Male,12,3748,High School,44976
25,No,Research & Development,1,Male,7,3977,Below College,47724
47,No,Research & Development,3,Male,25,8633,Bachelor,103596
33,No,Research & Development,2,Male,1,2008,High School,24096
38,No,Sales,4,Male,16,4440,Master,53280
31,No,Sales,2,Male,3,3067,High School,36804
38,No,Research & Development,4,Male,10,5321,Master,63852
42,No,Research & Development,4,Male,9,5410,Master,64920
41,No,Research & Development,3,Male,12,2782,Bachelor,33384
47,No,Research & Development,1,Female,14,11957,Below College,143484
35,No,Research & Development,4,Male,5,2660,Master,31920
22,No,Research & Development,2,Male,4,3375,High School,40500
35,No,Research & Development,4,Male,10,5098,Master,61176
33,No,Research & Development,2,Female,10,4878,High School,58536
32,No,Research & Development,4,Female,6,2837,Master,34044
40,No,Research & Development,4,Male,8,2406,Master,28872
32,No,Sales,4,Male,3,2269,Master,27228
39,No,Research & Development,1,Male,18,4108,Below College,49296
38,No,Research & Development,3,Female,20,13206,Bachelor,158472
32,No,Sales,4,Female,14,10422,Master,125064
37,No,Research & Development,3,Female,16,13744,Bachelor,164928
25,No,Sales,2,Female,6,4907,High School,58884
52,No,Sales,4,Male,16,3482,Master,41784
44,No,Research & Development,3,Male,6,2436,Bachelor,29232
21,No,Sales,1,Male,2,2380,Below College,28560
39,No,Research & Development,3,Male,21,19431,Bachelor,233172
23,Yes,Sales,3,Male,1,1790,Bachelor,21480
36,No,Sales,3,Female,10,7644,Bachelor,91728
36,No,Research & Development,2,Female,18,5131,High School,61572
56,No,Research & Development,4,Male,13,6306,Master,75672
29,Yes,Research & Development,4,Male,4,4787,Master,57444
42,No,Research & Development,3,Male,24,18880,Bachelor,226560
56,Yes,Research & Development,2,Male,14,2339,High School,28068
41,No,Research & Development,4,Female,21,13570,Master,162840
34,No,Sales,3,Female,8,6712,Bachelor,80544
36,No,Sales,4,Male,15,5406,Master,64872
41,No,Sales,3,Male,14,8938,Bachelor,107256
32,No,Research & Development,3,Male,4,2439,Bachelor,29268
35,No,Human Resources,4,Female,9,8837,Master,106044
38,No,Sales,2,Female,10,5343,High School,64116
50,Yes,Sales,4,Male,12,6728,Master,80736
36,No,Sales,4,Female,8,6652,Master,79824
45,No,Sales,3,Female,8,4850,Bachelor,58200
40,No,Research & Development,4,Male,8,2809,Master,33708
35,No,Research & Development,4,Male,10,5689,Master,68268
40,No,Research & Development,4,Female,20,2001,Master,24012
35,No,Research & Development,4,Female,4,2977,Master,35724
29,No,Research & Development,2,Male,10,4025,High School,48300
29,No,Research & Development,4,Female,5,3785,Master,45420
50,Yes,Sales,3,Male,20,10854,Bachelor,130248
39,No,Sales,1,Female,21,12031,Below College,144372
31,No,Research & Development,3,Male,10,9936,Bachelor,119232
26,No,Sales,3,Female,5,2966,Bachelor,35592
36,No,Research & Development,2,Male,17,2571,High School,30852
39,No,Research & Development,1,Male,9,9991,Below College,119892
27,No,Research & Development,3,Male,6,6142,Bachelor,73704
49,No,Sales,3,Male,17,5390,Bachelor,64680
34,No,Research & Development,3,Male,6,4404,Bachelor,52848
